date,channel,campaign,cost,impressions,clicks,conversions,revenue
2024-10-01,Google Ads,Google_Brand,189.64,14209,947,50,668.01
2024-10-01,Google Ads,Google_Generic,414.73,30205,979,17,809.34
2024-10-01,Google Ads,Google_Retargeting,120.57,8425,567,15,329.24
2024-10-01,Facebook Ads,FB_Interest,153.27,17059,659,16,216.93
2024-10-01,Facebook Ads,FB_Lookalike,200.5,16581,528,18,418.51
2024-10-01,Facebook Ads,FB_Retargeting,94.27,8493,393,18,192.52
2024-10-01,Naver Ads,Naver_Brand,150.02,9701,701,49,492.73
2024-10-01,Naver Ads,Naver_Shopping,229.6,21911,1015,32,472.87
2024-10-01,Naver Ads,Naver_Retargeting,102.22,11441,808,47,391.38
2024-10-02,Google Ads,Google_Brand,199.15,21024,1603,85,766.44
2024-10-02,Google Ads,Google_Generic,312.88,30059,1061,17,769.68
2024-10-02,Google Ads,Google_Retargeting,122.19,11277,611,26,437.98
2024-10-02,Facebook Ads,FB_Interest,179.25,18261,685,16,253.99
2024-10-02,Facebook Ads,FB_Lookalike,272.74,22971,847,33,496.58
2024-10-02,Facebook Ads,FB_Retargeting,90.81,5882,347,17,235.78
2024-10-02,Naver Ads,Naver_Brand,153.52,16689,1337,69,563.1
2024-10-02,Naver Ads,Naver_Shopping,310.59,18653,448,14,805.53
2024-10-02,Naver Ads,Naver_Retargeting,90.72,8584,591,40,319.81
2024-10-03,Google Ads,Google_Brand,182.49,12272,979,32,520.64
2024-10-03,Google Ads,Google_Generic,278.19,33929,1393,26,639.7
2024-10-03,Google Ads,Google_Retargeting,114.89,6629,443,13,298.38
2024-10-03,Facebook Ads,FB_Interest,209.09,18651,586,16,496.72
2024-10-03,Facebook Ads,FB_Lookalike,181.52,20419,897,31,363.54
2024-10-03,Facebook Ads,FB_Retargeting,100.71,9167,540,17,310.32
2024-10-03,Naver Ads,Naver_Brand,122.18,8115,537,36,563.72
2024-10-03,Naver Ads,Naver_Shopping,373.63,25369,1042,33,1120.37
2024-10-03,Naver Ads,Naver_Retargeting,72.69,4676,332,20,263.05
2024-10-04,Google Ads,Google_Brand,203.57,26131,1866,129,729.71
2024-10-04,Google Ads,Google_Generic,265.19,22031,586,9,650.81
2024-10-04,Google Ads,Google_Retargeting,145.49,11462,883,33,366.5
2024-10-04,Facebook Ads,FB_Interest,149.32,9094,408,9,317.54
2024-10-04,Facebook Ads,FB_Lookalike,251.48,21139,1041,35,437.9
2024-10-04,Facebook Ads,FB_Retargeting,85.64,6212,335,15,199.57
2024-10-04,Naver Ads,Naver_Brand,167.89,14856,1173,74,519.89
2024-10-04,Naver Ads,Naver_Shopping,350.8,30609,1266,32,1100.82
2024-10-04,Naver Ads,Naver_Retargeting,97.87,8387,631,23,285.71
2024-10-05,Google Ads,Google_Brand,133.97,10108,811,48,569.98
2024-10-05,Google Ads,Google_Generic,243.27,21603,711,13,596.12
2024-10-05,Google Ads,Google_Retargeting,68.46,5520,329,11,150.27
2024-10-05,Facebook Ads,FB_Interest,271.12,21074,971,24,391.26
2024-10-05,Facebook Ads,FB_Lookalike,271.04,23716,1127,46,645.13
2024-10-05,Facebook Ads,FB_Retargeting,176.98,9033,510,17,471.55
2024-10-05,Naver Ads,Naver_Brand,76.65,9244,572,46,291.24
2024-10-05,Naver Ads,Naver_Shopping,199.04,24734,1049,23,634.03
2024-10-05,Naver Ads,Naver_Retargeting,86.5,8888,514,19,288.6
2024-10-06,Google Ads,Google_Brand,167.43,11780,797,38,468.6
2024-10-06,Google Ads,Google_Generic,323.18,21511,632,11,709.33
2024-10-06,Google Ads,Google_Retargeting,119.35,7523,482,20,317.4
2024-10-06,Facebook Ads,FB_Interest,257.34,16831,476,15,405.15
2024-10-06,Facebook Ads,FB_Lookalike,451.2,37479,1427,45,751.55
2024-10-06,Facebook Ads,FB_Retargeting,145.94,9867,492,18,405.05
2024-10-06,Naver Ads,Naver_Brand,117.91,9150,700,35,432.0
2024-10-06,Naver Ads,Naver_Shopping,245.05,17611,515,11,617.26
2024-10-06,Naver Ads,Naver_Retargeting,75.06,5036,381,22,294.79
2024-10-07,Google Ads,Google_Brand,221.5,21684,1672,99,702.65
2024-10-07,Google Ads,Google_Generic,308.21,21282,695,11,887.27
2024-10-07,Google Ads,Google_Retargeting,93.53,6288,420,19,251.17
2024-10-07,Facebook Ads,FB_Interest,182.95,17250,665,14,313.44
2024-10-07,Facebook Ads,FB_Lookalike,248.02,18757,613,19,537.63
2024-10-07,Facebook Ads,FB_Retargeting,129.16,12452,540,18,309.14
2024-10-07,Naver Ads,Naver_Brand,155.74,16710,1116,68,538.15
2024-10-07,Naver Ads,Naver_Shopping,338.82,39849,1396,47,1134.36
2024-10-07,Naver Ads,Naver_Retargeting,95.62,10023,617,34,329.36
2024-10-08,Google Ads,Google_Brand,210.81,14265,1008,51,754.45
2024-10-08,Google Ads,Google_Generic,454.58,45333,1604,44,925.73
2024-10-08,Google Ads,Google_Retargeting,140.37,10228,558,13,369.13
2024-10-08,Facebook Ads,FB_Interest,155.91,10709,300,8,304.7
2024-10-08,Facebook Ads,FB_Lookalike,274.38,25268,1127,42,503.12
2024-10-08,Facebook Ads,FB_Retargeting,72.5,5698,326,14,114.59
2024-10-08,Naver Ads,Naver_Brand,120.55,12167,857,47,526.89
2024-10-08,Naver Ads,Naver_Shopping,269.87,18071,574,19,875.83
2024-10-08,Naver Ads,Naver_Retargeting,128.26,12693,732,48,426.5
2024-10-09,Google Ads,Google_Brand,218.36,18555,1712,90,612.77
2024-10-09,Google Ads,Google_Generic,334.35,43924,1588,26,798.29
2024-10-09,Google Ads,Google_Retargeting,142.73,10478,712,28,418.69
2024-10-09,Facebook Ads,FB_Interest,104.32,9247,288,4,186.21
2024-10-09,Facebook Ads,FB_Lookalike,248.16,21591,882,19,487.18
2024-10-09,Facebook Ads,FB_Retargeting,108.96,12777,603,22,229.11
2024-10-09,Naver Ads,Naver_Brand,145.65,12809,836,46,496.88
2024-10-09,Naver Ads,Naver_Shopping,305.68,35002,1182,32,692.99
2024-10-09,Naver Ads,Naver_Retargeting,136.97,16621,1163,73,500.26
2024-10-10,Google Ads,Google_Brand,155.22,10979,802,38,353.88
2024-10-10,Google Ads,Google_Generic,247.02,25586,865,14,545.77
2024-10-10,Google Ads,Google_Retargeting,141.03,11843,608,16,414.61
2024-10-10,Facebook Ads,FB_Interest,156.94,15988,526,11,249.73
2024-10-10,Facebook Ads,FB_Lookalike,214.93,18156,719,22,525.28
2024-10-10,Facebook Ads,FB_Retargeting,112.67,8343,428,23,265.27
2024-10-10,Naver Ads,Naver_Brand,128.16,13508,1216,53,550.48
2024-10-10,Naver Ads,Naver_Shopping,300.26,30378,1064,29,519.66
2024-10-10,Naver Ads,Naver_Retargeting,112.13,7320,411,18,415.85
2024-10-11,Google Ads,Google_Brand,195.54,11898,1243,84,750.33
2024-10-11,Google Ads,Google_Generic,301.31,29402,643,8,667.23
2024-10-11,Google Ads,Google_Retargeting,124.64,11089,551,23,513.12
2024-10-11,Facebook Ads,FB_Interest,125.71,13479,496,15,206.69
2024-10-11,Facebook Ads,FB_Lookalike,270.57,17557,547,25,392.79
2024-10-11,Facebook Ads,FB_Retargeting,88.29,6357,317,13,215.58
2024-10-11,Naver Ads,Naver_Brand,183.02,21006,1339,92,655.6
2024-10-11,Naver Ads,Naver_Shopping,324.1,24476,1283,46,844.58
2024-10-11,Naver Ads,Naver_Retargeting,122.68,10535,615,17,467.14
2024-10-12,Google Ads,Google_Brand,103.08,9300,719,43,241.13
2024-10-12,Google Ads,Google_Generic,259.7,32173,989,22,496.36
2024-10-12,Google Ads,Google_Retargeting,76.05,6035,485,20,236.64
2024-10-12,Facebook Ads,FB_Interest,234.61,21631,1035,28,390.92
2024-10-12,Facebook Ads,FB_Lookalike,376.48,26495,791,22,749.54
2024-10-12,Facebook Ads,FB_Retargeting,178.47,12171,808,40,318.01
2024-10-12,Naver Ads,Naver_Brand,98.23,7414,635,44,389.64
2024-10-12,Naver Ads,Naver_Shopping,229.16,17174,666,20,813.17
2024-10-12,Naver Ads,Naver_Retargeting,69.32,4340,302,21,291.59
2024-10-13,Google Ads,Google_Brand,164.0,10586,835,50,782.1
2024-10-13,Google Ads,Google_Generic,274.8,24978,701,11,454.49
2024-10-13,Google Ads,Google_Retargeting,96.56,9344,667,23,224.39
2024-10-13,Facebook Ads,FB_Interest,245.59,21343,796,9,425.36
2024-10-13,Facebook Ads,FB_Lookalike,308.92,27745,822,28,527.05
2024-10-13,Facebook Ads,FB_Retargeting,150.34,13137,728,30,362.25
2024-10-13,Naver Ads,Naver_Brand,96.97,10098,979,47,468.68
2024-10-13,Naver Ads,Naver_Shopping,101.89,10565,291,8,269.39
2024-10-13,Naver Ads,Naver_Retargeting,44.68,3238,199,10,167.76
2024-10-14,Google Ads,Google_Brand,151.59,13060,867,40,568.63
2024-10-14,Google Ads,Google_Generic,270.95,33823,1138,19,617.08
2024-10-14,Google Ads,Google_Retargeting,125.58,10137,664,30,347.37
2024-10-14,Facebook Ads,FB_Interest,199.3,15468,488,10,429.55
2024-10-14,Facebook Ads,FB_Lookalike,151.87,13014,575,10,381.04
2024-10-14,Facebook Ads,FB_Retargeting,117.0,8665,546,22,277.76
2024-10-14,Naver Ads,Naver_Brand,189.97,24149,1256,57,790.17
2024-10-14,Naver Ads,Naver_Shopping,361.19,23720,765,24,736.01
2024-10-14,Naver Ads,Naver_Retargeting,110.8,10479,729,39,424.24
2024-10-15,Google Ads,Google_Brand,239.73,29141,2275,137,829.02
2024-10-15,Google Ads,Google_Generic,189.2,24127,645,13,369.07
2024-10-15,Google Ads,Google_Retargeting,105.22,8727,628,21,340.25
2024-10-15,Facebook Ads,FB_Interest,121.84,11387,453,9,242.34
2024-10-15,Facebook Ads,FB_Lookalike,207.55,18352,479,17,393.18
2024-10-15,Facebook Ads,FB_Retargeting,118.05,13787,959,34,375.35
2024-10-15,Naver Ads,Naver_Brand,171.36,11753,688,51,478.62
2024-10-15,Naver Ads,Naver_Shopping,430.42,49366,2158,69,905.39
2024-10-15,Naver Ads,Naver_Retargeting,107.69,8469,656,41,336.26
2024-10-16,Google Ads,Google_Brand,203.18,18699,1542,84,549.91
2024-10-16,Google Ads,Google_Generic,282.71,22005,771,15,578.54
2024-10-16,Google Ads,Google_Retargeting,141.55,10373,579,22,384.9
2024-10-16,Facebook Ads,FB_Interest,196.55,17849,663,17,375.69
2024-10-16,Facebook Ads,FB_Lookalike,144.45,11993,326,10,327.46
2024-10-16,Facebook Ads,FB_Retargeting,114.77,8882,578,20,264.99
2024-10-16,Naver Ads,Naver_Brand,75.74,5784,493,40,279.2
2024-10-16,Naver Ads,Naver_Shopping,321.77,29658,1007,24,626.56
2024-10-16,Naver Ads,Naver_Retargeting,76.13,6672,419,21,293.43
2024-10-17,Google Ads,Google_Brand,140.26,9820,923,64,375.3
2024-10-17,Google Ads,Google_Generic,367.1,36775,1011,18,923.69
2024-10-17,Google Ads,Google_Retargeting,154.84,11205,706,27,389.82
2024-10-17,Facebook Ads,FB_Interest,162.18,16353,800,18,274.94
2024-10-17,Facebook Ads,FB_Lookalike,249.41,20610,629,20,367.99
2024-10-17,Facebook Ads,FB_Retargeting,84.77,8599,600,22,219.03
2024-10-17,Naver Ads,Naver_Brand,150.49,15131,1250,84,697.81
2024-10-17,Naver Ads,Naver_Shopping,272.56,24385,922,32,890.08
2024-10-17,Naver Ads,Naver_Retargeting,117.18,9649,722,49,350.14
2024-10-18,Google Ads,Google_Brand,198.83,13754,1124,73,585.86
2024-10-18,Google Ads,Google_Generic,389.54,26846,778,16,925.84
2024-10-18,Google Ads,Google_Retargeting,84.91,4778,318,15,337.38
2024-10-18,Facebook Ads,FB_Interest,177.63,13679,568,15,377.72
2024-10-18,Facebook Ads,FB_Lookalike,168.39,10972,395,15,284.93
2024-10-18,Facebook Ads,FB_Retargeting,116.59,10247,522,22,307.53
2024-10-18,Naver Ads,Naver_Brand,135.5,19696,1365,76,682.51
2024-10-18,Naver Ads,Naver_Shopping,251.0,20204,886,33,821.08
2024-10-18,Naver Ads,Naver_Retargeting,127.41,13856,887,63,349.93
2024-10-19,Google Ads,Google_Brand,87.94,5416,491,24,274.97
2024-10-19,Google Ads,Google_Generic,219.23,22670,827,17,563.15
2024-10-19,Google Ads,Google_Retargeting,90.15,7098,455,21,232.14
2024-10-19,Facebook Ads,FB_Interest,280.7,34920,1483,38,584.67
2024-10-19,Facebook Ads,FB_Lookalike,284.98,36854,1146,36,425.55
2024-10-19,Facebook Ads,FB_Retargeting,176.06,12267,483,18,264.88
2024-10-19,Naver Ads,Naver_Brand,64.85,5500,406,28,258.45
2024-10-19,Naver Ads,Naver_Shopping,196.18,22450,741,30,621.58
2024-10-19,Naver Ads,Naver_Retargeting,60.48,5899,333,17,203.13
2024-10-20,Google Ads,Google_Brand,124.73,12834,983,70,478.52
2024-10-20,Google Ads,Google_Generic,224.84,26196,818,14,629.08
2024-10-20,Google Ads,Google_Retargeting,90.67,7122,468,23,250.17
2024-10-20,Facebook Ads,FB_Interest,334.08,30627,1243,47,527.42
2024-10-20,Facebook Ads,FB_Lookalike,344.03,37654,1222,36,698.4
2024-10-20,Facebook Ads,FB_Retargeting,175.24,12938,1028,42,356.52
2024-10-20,Naver Ads,Naver_Brand,109.53,7347,523,37,370.9
2024-10-20,Naver Ads,Naver_Shopping,210.67,11968,545,20,424.92
2024-10-20,Naver Ads,Naver_Retargeting,52.02,5040,379,26,169.52
2024-10-21,Google Ads,Google_Brand,222.44,15477,934,43,823.36
2024-10-21,Google Ads,Google_Generic,379.05,47095,1705,31,853.48
2024-10-21,Google Ads,Google_Retargeting,134.03,14930,939,37,289.81
2024-10-21,Facebook Ads,FB_Interest,189.0,14650,320,10,251.42
2024-10-21,Facebook Ads,FB_Lookalike,221.35,12959,508,12,516.26
2024-10-21,Facebook Ads,FB_Retargeting,98.33,10966,646,27,198.52
2024-10-21,Naver Ads,Naver_Brand,183.17,15642,1201,55,602.33
2024-10-21,Naver Ads,Naver_Shopping,393.5,41240,2163,74,1115.91
2024-10-21,Naver Ads,Naver_Retargeting,122.81,13380,827,39,406.79
2024-10-22,Google Ads,Google_Brand,158.26,11828,934,50,384.79
2024-10-22,Google Ads,Google_Generic,434.23,40443,830,28,786.84
2024-10-22,Google Ads,Google_Retargeting,132.2,18243,923,44,320.5
2024-10-22,Facebook Ads,FB_Interest,167.58,14638,604,13,300.25
2024-10-22,Facebook Ads,FB_Lookalike,335.23,27855,1128,43,756.55
2024-10-22,Facebook Ads,FB_Retargeting,129.56,10391,505,22,368.49
2024-10-22,Naver Ads,Naver_Brand,145.44,12881,963,58,647.23
2024-10-22,Naver Ads,Naver_Shopping,442.43,27627,1224,44,1383.53
2024-10-22,Naver Ads,Naver_Retargeting,96.78,10718,698,28,258.18
2024-10-23,Google Ads,Google_Brand,242.69,20338,1248,62,638.58
2024-10-23,Google Ads,Google_Generic,323.79,45532,1572,28,942.23
2024-10-23,Google Ads,Google_Retargeting,146.76,12123,677,28,344.09
2024-10-23,Facebook Ads,FB_Interest,133.15,13852,719,24,259.94
2024-10-23,Facebook Ads,FB_Lookalike,268.57,20156,678,23,516.37
2024-10-23,Facebook Ads,FB_Retargeting,127.95,11705,634,21,264.38
2024-10-23,Naver Ads,Naver_Brand,159.14,18245,1567,115,555.43
2024-10-23,Naver Ads,Naver_Shopping,244.67,29461,1007,32,548.0
2024-10-23,Naver Ads,Naver_Retargeting,90.09,7814,614,32,282.89
2024-10-24,Google Ads,Google_Brand,186.89,15253,1319,71,637.08
2024-10-24,Google Ads,Google_Generic,317.26,23786,836,16,663.57
2024-10-24,Google Ads,Google_Retargeting,141.51,13388,911,36,479.04
2024-10-24,Facebook Ads,FB_Interest,166.62,13924,704,14,323.51
2024-10-24,Facebook Ads,FB_Lookalike,205.32,14299,490,15,401.59
2024-10-24,Facebook Ads,FB_Retargeting,137.81,18118,1214,34,353.43
2024-10-24,Naver Ads,Naver_Brand,153.98,15536,1354,116,544.42
2024-10-24,Naver Ads,Naver_Shopping,400.35,48248,1611,44,970.31
2024-10-24,Naver Ads,Naver_Retargeting,98.64,8716,434,24,376.58
2024-10-25,Google Ads,Google_Brand,111.27,11253,994,74,374.22
2024-10-25,Google Ads,Google_Generic,497.95,63093,1914,45,877.5
2024-10-25,Google Ads,Google_Retargeting,127.55,12206,906,36,441.95
2024-10-25,Facebook Ads,FB_Interest,146.2,9362,337,11,268.75
2024-10-25,Facebook Ads,FB_Lookalike,353.35,42907,1382,47,722.6
2024-10-25,Facebook Ads,FB_Retargeting,129.36,9039,397,10,344.16
2024-10-25,Naver Ads,Naver_Brand,120.39,7316,576,37,499.48
2024-10-25,Naver Ads,Naver_Shopping,360.35,26066,1027,39,929.86
2024-10-25,Naver Ads,Naver_Retargeting,108.5,8328,500,25,298.44
2024-10-26,Google Ads,Google_Brand,83.99,6550,523,34,314.9
2024-10-26,Google Ads,Google_Generic,179.84,16129,436,10,245.75
2024-10-26,Google Ads,Google_Retargeting,61.02,6266,365,15,197.6
2024-10-26,Facebook Ads,FB_Interest,185.62,19292,413,11,348.31
2024-10-26,Facebook Ads,FB_Lookalike,198.0,24639,1020,31,484.55
2024-10-26,Facebook Ads,FB_Retargeting,116.32,7498,377,14,274.79
2024-10-26,Naver Ads,Naver_Brand,58.2,6372,457,30,232.9
2024-10-26,Naver Ads,Naver_Shopping,171.97,19375,833,39,406.11
2024-10-26,Naver Ads,Naver_Retargeting,43.3,2547,159,6,110.58
2024-10-27,Google Ads,Google_Brand,100.44,8187,652,33,330.89
2024-10-27,Google Ads,Google_Generic,180.7,17197,546,8,408.48
2024-10-27,Google Ads,Google_Retargeting,60.23,7346,311,18,148.36
2024-10-27,Facebook Ads,FB_Interest,187.29,17853,845,16,255.53
2024-10-27,Facebook Ads,FB_Lookalike,305.44,20904,857,21,450.81
2024-10-27,Facebook Ads,FB_Retargeting,104.07,9434,471,23,271.85
2024-10-27,Naver Ads,Naver_Brand,85.66,12013,690,45,347.22
2024-10-27,Naver Ads,Naver_Shopping,213.22,15975,656,15,510.0
2024-10-27,Naver Ads,Naver_Retargeting,56.19,4098,248,12,205.01
2024-10-28,Google Ads,Google_Brand,112.15,9404,666,25,480.9
2024-10-28,Google Ads,Google_Generic,244.42,19265,633,17,490.67
2024-10-28,Google Ads,Google_Retargeting,87.77,5479,374,16,273.91
2024-10-28,Facebook Ads,FB_Interest,177.99,13801,452,13,347.15
2024-10-28,Facebook Ads,FB_Lookalike,163.23,14914,368,16,272.44
2024-10-28,Facebook Ads,FB_Retargeting,78.17,5319,233,11,204.35
2024-10-28,Naver Ads,Naver_Brand,114.86,8082,589,36,570.19
2024-10-28,Naver Ads,Naver_Shopping,279.45,22634,764,27,820.76
2024-10-28,Naver Ads,Naver_Retargeting,73.15,5264,308,14,278.52
2024-10-29,Google Ads,Google_Brand,163.45,12480,1342,88,403.91
2024-10-29,Google Ads,Google_Generic,266.12,24272,769,20,644.59
2024-10-29,Google Ads,Google_Retargeting,84.92,8982,605,21,303.98
2024-10-29,Facebook Ads,FB_Interest,125.14,15932,633,13,240.28
2024-10-29,Facebook Ads,FB_Lookalike,211.77,16522,452,11,394.69
2024-10-29,Facebook Ads,FB_Retargeting,68.56,5855,302,13,195.39
2024-10-29,Naver Ads,Naver_Brand,78.34,4801,394,22,321.87
2024-10-29,Naver Ads,Naver_Shopping,212.53,17431,716,30,774.13
2024-10-29,Naver Ads,Naver_Retargeting,102.97,9257,545,34,346.88
2024-10-30,Google Ads,Google_Brand,165.86,19025,1418,87,653.82
2024-10-30,Google Ads,Google_Generic,267.39,28408,797,14,513.85
2024-10-30,Google Ads,Google_Retargeting,85.21,10549,692,23,326.74
2024-10-30,Facebook Ads,FB_Interest,170.56,20669,906,23,362.21
2024-10-30,Facebook Ads,FB_Lookalike,104.96,8155,237,7,154.24
2024-10-30,Facebook Ads,FB_Retargeting,87.57,8763,556,23,206.81
2024-10-30,Naver Ads,Naver_Brand,118.48,7478,297,19,599.91
2024-10-30,Naver Ads,Naver_Shopping,340.91,24120,1016,25,982.16
2024-10-30,Naver Ads,Naver_Retargeting,64.73,5075,319,14,198.45
2024-10-31,Google Ads,Google_Brand,125.77,13259,1012,72,405.47
2024-10-31,Google Ads,Google_Generic,262.74,22078,750,18,553.64
2024-10-31,Google Ads,Google_Retargeting,89.0,6492,383,14,302.44
2024-10-31,Facebook Ads,FB_Interest,112.2,8264,250,7,160.86
2024-10-31,Facebook Ads,FB_Lookalike,187.86,15258,469,14,351.68
2024-10-31,Facebook Ads,FB_Retargeting,73.54,7718,497,17,185.56
2024-10-31,Naver Ads,Naver_Brand,119.41,15263,1129,100,471.7
2024-10-31,Naver Ads,Naver_Shopping,214.06,19773,898,15,508.59
2024-10-31,Naver Ads,Naver_Retargeting,82.39,12178,957,52,259.24
2024-11-01,Google Ads,Google_Brand,186.5,12740,897,44,541.71
2024-11-01,Google Ads,Google_Generic,386.71,48981,1389,33,858.57
2024-11-01,Google Ads,Google_Retargeting,125.01,10314,611,25,536.69
2024-11-01,Facebook Ads,FB_Interest,208.69,13803,615,14,270.76
2024-11-01,Facebook Ads,FB_Lookalike,256.04,23143,941,28,608.3
2024-11-01,Facebook Ads,FB_Retargeting,119.76,14498,914,45,336.85
2024-11-01,Naver Ads,Naver_Brand,144.06,9640,633,33,596.52
2024-11-01,Naver Ads,Naver_Shopping,519.24,52738,2170,74,1434.64
2024-11-01,Naver Ads,Naver_Retargeting,105.15,8398,580,30,405.8
2024-11-02,Google Ads,Google_Brand,162.91,16381,1152,70,586.11
2024-11-02,Google Ads,Google_Generic,279.32,20837,731,20,603.62
2024-11-02,Google Ads,Google_Retargeting,50.52,4087,226,11,163.97
2024-11-02,Facebook Ads,FB_Interest,228.2,16083,564,14,347.06
2024-11-02,Facebook Ads,FB_Lookalike,453.6,34723,938,38,819.91
2024-11-02,Facebook Ads,FB_Retargeting,204.88,12297,709,23,558.63
2024-11-02,Naver Ads,Naver_Brand,89.56,9943,654,47,330.89
2024-11-02,Naver Ads,Naver_Shopping,266.21,21619,1116,29,669.62
2024-11-02,Naver Ads,Naver_Retargeting,72.59,5259,378,23,207.87
2024-11-03,Google Ads,Google_Brand,154.04,11600,1192,63,458.5
2024-11-03,Google Ads,Google_Generic,322.49,26874,836,18,682.12
2024-11-03,Google Ads,Google_Retargeting,71.42,8953,552,27,200.26
2024-11-03,Facebook Ads,FB_Interest,303.25,22127,929,22,564.59
2024-11-03,Facebook Ads,FB_Lookalike,317.21,37686,1682,53,580.45
2024-11-03,Facebook Ads,FB_Retargeting,164.38,15669,654,33,454.23
2024-11-03,Naver Ads,Naver_Brand,81.9,10944,962,62,319.31
2024-11-03,Naver Ads,Naver_Shopping,234.26,31605,1330,54,682.02
2024-11-03,Naver Ads,Naver_Retargeting,74.48,5517,412,10,287.19
2024-11-04,Google Ads,Google_Brand,165.4,9619,871,50,750.7
2024-11-04,Google Ads,Google_Generic,295.86,28511,950,21,494.49
2024-11-04,Google Ads,Google_Retargeting,120.62,9498,606,27,430.05
2024-11-04,Facebook Ads,FB_Interest,222.84,17861,679,15,316.55
2024-11-04,Facebook Ads,FB_Lookalike,217.84,24149,817,15,465.22
2024-11-04,Facebook Ads,FB_Retargeting,89.59,9079,390,16,198.71
2024-11-04,Naver Ads,Naver_Brand,168.99,16928,1252,79,567.81
2024-11-04,Naver Ads,Naver_Shopping,356.25,27810,979,39,965.8
2024-11-04,Naver Ads,Naver_Retargeting,146.17,9706,593,28,372.22
2024-11-05,Google Ads,Google_Brand,119.91,11377,979,37,476.03
2024-11-05,Google Ads,Google_Generic,344.76,35787,1096,21,664.04
2024-11-05,Google Ads,Google_Retargeting,135.93,9435,505,21,332.12
2024-11-05,Facebook Ads,FB_Interest,193.89,22855,907,24,413.19
2024-11-05,Facebook Ads,FB_Lookalike,306.49,28752,1009,38,615.61
2024-11-05,Facebook Ads,FB_Retargeting,142.24,11259,624,23,258.49
2024-11-05,Naver Ads,Naver_Brand,138.72,11365,806,55,459.37
2024-11-05,Naver Ads,Naver_Shopping,465.76,33212,1422,55,1546.1
2024-11-05,Naver Ads,Naver_Retargeting,90.36,10194,595,42,298.94
2024-11-06,Google Ads,Google_Brand,202.39,14477,842,40,491.24
2024-11-06,Google Ads,Google_Generic,472.32,43484,1524,26,912.92
2024-11-06,Google Ads,Google_Retargeting,99.35,6801,349,14,300.27
2024-11-06,Facebook Ads,FB_Interest,193.22,14462,515,9,305.75
2024-11-06,Facebook Ads,FB_Lookalike,297.73,33685,1513,45,576.26
2024-11-06,Facebook Ads,FB_Retargeting,92.32,12007,661,26,227.01
2024-11-06,Naver Ads,Naver_Brand,156.9,16440,839,51,594.89
2024-11-06,Naver Ads,Naver_Shopping,389.76,31270,1320,42,1109.58
2024-11-06,Naver Ads,Naver_Retargeting,73.03,5356,357,15,315.91
2024-11-07,Google Ads,Google_Brand,201.47,11414,838,39,612.39
2024-11-07,Google Ads,Google_Generic,370.82,35364,1070,26,904.7
2024-11-07,Google Ads,Google_Retargeting,81.23,11303,584,12,233.23
2024-11-07,Facebook Ads,FB_Interest,244.29,24439,836,17,424.98
2024-11-07,Facebook Ads,FB_Lookalike,221.84,19370,725,29,450.2
2024-11-07,Facebook Ads,FB_Retargeting,127.52,13695,678,35,310.02
2024-11-07,Naver Ads,Naver_Brand,122.6,9360,650,27,581.37
2024-11-07,Naver Ads,Naver_Shopping,306.02,21151,876,15,1190.06
2024-11-07,Naver Ads,Naver_Retargeting,101.02,7137,483,29,374.66
2024-11-08,Google Ads,Google_Brand,213.76,22977,2159,115,696.01
2024-11-08,Google Ads,Google_Generic,462.0,43062,1329,29,898.95
2024-11-08,Google Ads,Google_Retargeting,157.09,13617,766,29,517.21
2024-11-08,Facebook Ads,FB_Interest,179.41,20090,792,25,347.94
2024-11-08,Facebook Ads,FB_Lookalike,218.74,17333,670,27,475.84
2024-11-08,Facebook Ads,FB_Retargeting,131.28,10643,507,21,287.66
2024-11-08,Naver Ads,Naver_Brand,138.91,13072,929,60,546.18
2024-11-08,Naver Ads,Naver_Shopping,420.35,41637,1461,55,1265.38
2024-11-08,Naver Ads,Naver_Retargeting,72.64,6855,503,24,248.34
2024-11-09,Google Ads,Google_Brand,153.01,10329,577,36,434.68
2024-11-09,Google Ads,Google_Generic,271.61,26716,698,16,598.26
2024-11-09,Google Ads,Google_Retargeting,107.42,11720,833,38,295.33
2024-11-09,Facebook Ads,FB_Interest,324.71,20844,788,28,450.42
2024-11-09,Facebook Ads,FB_Lookalike,354.04,26285,675,19,631.64
2024-11-09,Facebook Ads,FB_Retargeting,150.16,11548,575,25,415.23
2024-11-09,Naver Ads,Naver_Brand,79.86,10399,633,36,304.88
2024-11-09,Naver Ads,Naver_Shopping,171.63,11134,513,14,469.06
2024-11-09,Naver Ads,Naver_Retargeting,79.78,5812,371,21,254.82
2024-11-10,Google Ads,Google_Brand,68.93,5456,470,22,248.18
2024-11-10,Google Ads,Google_Generic,272.8,20687,638,12,571.71
2024-11-10,Google Ads,Google_Retargeting,100.76,13830,880,38,173.64
2024-11-10,Facebook Ads,FB_Interest,281.28,23447,698,17,470.99
2024-11-10,Facebook Ads,FB_Lookalike,318.66,27203,895,33,580.75
2024-11-10,Facebook Ads,FB_Retargeting,238.98,18233,841,25,607.92
2024-11-10,Naver Ads,Naver_Brand,108.52,7347,597,29,534.87
2024-11-10,Naver Ads,Naver_Shopping,199.62,20411,890,26,545.3
2024-11-10,Naver Ads,Naver_Retargeting,67.83,6044,302,13,229.65
2024-11-11,Google Ads,Google_Brand,91.59,10905,975,54,307.94
2024-11-11,Google Ads,Google_Generic,389.65,32586,1132,21,839.83
2024-11-11,Google Ads,Google_Retargeting,169.33,12337,805,33,430.28
2024-11-11,Facebook Ads,FB_Interest,206.51,23465,979,20,407.13
2024-11-11,Facebook Ads,FB_Lookalike,287.24,20708,634,20,424.05
2024-11-11,Facebook Ads,FB_Retargeting,117.16,16719,993,45,283.87
2024-11-11,Naver Ads,Naver_Brand,197.21,19663,1310,111,795.54
2024-11-11,Naver Ads,Naver_Shopping,411.34,30962,997,44,897.81
2024-11-11,Naver Ads,Naver_Retargeting,176.76,16493,1147,77,546.62
2024-11-12,Google Ads,Google_Brand,182.04,20523,1373,74,622.67
2024-11-12,Google Ads,Google_Generic,434.43,55701,1672,36,856.92
2024-11-12,Google Ads,Google_Retargeting,124.98,12308,676,29,351.87
2024-11-12,Facebook Ads,FB_Interest,152.93,15325,604,11,294.35
2024-11-12,Facebook Ads,FB_Lookalike,356.37,35019,1255,42,732.45
2024-11-12,Facebook Ads,FB_Retargeting,107.61,7879,434,17,288.71
2024-11-12,Naver Ads,Naver_Brand,220.93,22183,1877,156,837.81
2024-11-12,Naver Ads,Naver_Shopping,287.66,20658,826,20,874.94
2024-11-12,Naver Ads,Naver_Retargeting,127.33,9191,583,27,415.38
2024-11-13,Google Ads,Google_Brand,176.03,13330,962,62,585.3
2024-11-13,Google Ads,Google_Generic,339.35,36582,1138,26,744.08
2024-11-13,Google Ads,Google_Retargeting,145.28,12699,852,23,467.98
2024-11-13,Facebook Ads,FB_Interest,154.19,17954,500,14,286.45
2024-11-13,Facebook Ads,FB_Lookalike,244.72,24838,945,44,374.59
2024-11-13,Facebook Ads,FB_Retargeting,161.58,16396,1007,42,468.53
2024-11-13,Naver Ads,Naver_Brand,149.59,10899,761,38,610.79
2024-11-13,Naver Ads,Naver_Shopping,447.2,44936,1800,69,1392.12
2024-11-13,Naver Ads,Naver_Retargeting,100.52,8333,454,29,401.01
2024-11-14,Google Ads,Google_Brand,125.97,11916,1051,29,392.53
2024-11-14,Google Ads,Google_Generic,311.03,33214,824,21,727.8
2024-11-14,Google Ads,Google_Retargeting,85.36,7630,517,26,238.4
2024-11-14,Facebook Ads,FB_Interest,157.69,10227,447,17,325.53
2024-11-14,Facebook Ads,FB_Lookalike,259.39,18065,677,20,559.91
2024-11-14,Facebook Ads,FB_Retargeting,124.99,16240,691,37,264.09
2024-11-14,Naver Ads,Naver_Brand,150.69,13383,612,42,677.43
2024-11-14,Naver Ads,Naver_Shopping,456.68,41781,1796,69,1266.62
2024-11-14,Naver Ads,Naver_Retargeting,127.07,12561,657,28,481.9
2024-11-15,Google Ads,Google_Brand,232.81,19494,1715,76,720.05
2024-11-15,Google Ads,Google_Generic,446.64,46036,1710,42,1138.43
2024-11-15,Google Ads,Google_Retargeting,104.52,8075,488,22,280.65
2024-11-15,Facebook Ads,FB_Interest,233.17,26466,987,35,348.94
2024-11-15,Facebook Ads,FB_Lookalike,241.4,16186,493,19,454.42
2024-11-15,Facebook Ads,FB_Retargeting,148.76,16382,1051,66,364.07
2024-11-15,Naver Ads,Naver_Brand,142.72,12492,697,33,649.27
2024-11-15,Naver Ads,Naver_Shopping,333.81,46617,1667,67,1158.36
2024-11-15,Naver Ads,Naver_Retargeting,94.76,9004,537,31,347.79
2024-11-16,Google Ads,Google_Brand,167.31,20907,2053,105,550.7
2024-11-16,Google Ads,Google_Generic,244.61,25638,954,21,524.61
2024-11-16,Google Ads,Google_Retargeting,86.96,5872,318,19,217.52
2024-11-16,Facebook Ads,FB_Interest,190.23,19119,537,12,290.85
2024-11-16,Facebook Ads,FB_Lookalike,370.87,30588,1057,37,721.04
2024-11-16,Facebook Ads,FB_Retargeting,143.15,9771,604,31,288.6
2024-11-16,Naver Ads,Naver_Brand,119.35,13874,1066,50,462.03
2024-11-16,Naver Ads,Naver_Shopping,252.55,23469,1103,35,702.54
2024-11-16,Naver Ads,Naver_Retargeting,47.44,4516,288,18,156.43
2024-11-17,Google Ads,Google_Brand,148.64,11664,908,54,491.4
2024-11-17,Google Ads,Google_Generic,267.01,29913,1403,28,647.7
2024-11-17,Google Ads,Google_Retargeting,89.82,6173,408,16,280.11
2024-11-17,Facebook Ads,FB_Interest,302.45,22317,715,16,643.72
2024-11-17,Facebook Ads,FB_Lookalike,335.58,25493,924,34,688.28
2024-11-17,Facebook Ads,FB_Retargeting,173.99,20155,1344,69,421.56
2024-11-17,Naver Ads,Naver_Brand,138.04,17614,1194,99,732.56
2024-11-17,Naver Ads,Naver_Shopping,202.22,11824,551,21,748.1
2024-11-17,Naver Ads,Naver_Retargeting,58.26,5547,453,36,180.47
2024-11-18,Google Ads,Google_Brand,175.9,17469,1252,71,672.82
2024-11-18,Google Ads,Google_Generic,393.93,42415,1934,33,1027.61
2024-11-18,Google Ads,Google_Retargeting,124.4,14154,918,33,368.71
2024-11-18,Facebook Ads,FB_Interest,213.01,15985,518,11,332.8
2024-11-18,Facebook Ads,FB_Lookalike,409.8,44865,1817,56,686.57
2024-11-18,Facebook Ads,FB_Retargeting,148.61,10167,586,27,240.14
2024-11-18,Naver Ads,Naver_Brand,157.39,11900,657,45,642.84
2024-11-18,Naver Ads,Naver_Shopping,450.13,34101,1488,72,977.0
2024-11-18,Naver Ads,Naver_Retargeting,120.4,11563,634,41,403.72
2024-11-19,Google Ads,Google_Brand,267.28,26783,1738,95,821.05
2024-11-19,Google Ads,Google_Generic,588.62,63720,2337,47,1150.66
2024-11-19,Google Ads,Google_Retargeting,113.64,8667,682,21,240.18
2024-11-19,Facebook Ads,FB_Interest,284.12,23028,820,17,559.82
2024-11-19,Facebook Ads,FB_Lookalike,245.98,17395,616,17,510.8
2024-11-19,Facebook Ads,FB_Retargeting,101.84,7540,385,13,249.56
2024-11-19,Naver Ads,Naver_Brand,171.25,14288,992,104,541.85
2024-11-19,Naver Ads,Naver_Shopping,498.97,57163,2713,95,1355.39
2024-11-19,Naver Ads,Naver_Retargeting,117.73,11690,688,29,377.63
2024-11-20,Google Ads,Google_Brand,166.88,15455,1185,81,617.66
2024-11-20,Google Ads,Google_Generic,400.85,43901,1698,48,861.05
2024-11-20,Google Ads,Google_Retargeting,82.74,9316,453,14,241.26
2024-11-20,Facebook Ads,FB_Interest,181.7,17889,757,24,271.24
2024-11-20,Facebook Ads,FB_Lookalike,248.69,18229,663,29,601.57
2024-11-20,Facebook Ads,FB_Retargeting,134.7,10258,683,34,288.25
2024-11-20,Naver Ads,Naver_Brand,212.39,25048,1793,120,824.33
2024-11-20,Naver Ads,Naver_Shopping,403.84,36527,1695,60,1223.21
2024-11-20,Naver Ads,Naver_Retargeting,87.73,8121,449,30,274.23
2024-11-21,Google Ads,Google_Brand,159.03,15681,989,57,626.44
2024-11-21,Google Ads,Google_Generic,326.05,28030,1225,31,887.63
2024-11-21,Google Ads,Google_Retargeting,103.62,10738,697,24,267.69
2024-11-21,Facebook Ads,FB_Interest,232.68,21634,591,19,473.68
2024-11-21,Facebook Ads,FB_Lookalike,287.72,19609,746,27,518.02
2024-11-21,Facebook Ads,FB_Retargeting,99.55,9261,483,24,228.8
2024-11-21,Naver Ads,Naver_Brand,168.5,14385,961,62,711.77
2024-11-21,Naver Ads,Naver_Shopping,413.99,44102,1576,55,1285.68
2024-11-21,Naver Ads,Naver_Retargeting,92.87,5974,374,21,311.51
2024-11-22,Google Ads,Google_Brand,213.05,24500,1606,105,850.23
2024-11-22,Google Ads,Google_Generic,449.73,56887,2482,80,1183.6
2024-11-22,Google Ads,Google_Retargeting,139.78,13036,989,41,318.19
2024-11-22,Facebook Ads,FB_Interest,185.34,15890,385,12,377.91
2024-11-22,Facebook Ads,FB_Lookalike,229.63,20837,859,36,497.73
2024-11-22,Facebook Ads,FB_Retargeting,121.03,16303,897,49,362.99
2024-11-22,Naver Ads,Naver_Brand,141.96,10736,615,45,520.83
2024-11-22,Naver Ads,Naver_Shopping,530.6,40180,1689,76,1529.35
2024-11-22,Naver Ads,Naver_Retargeting,120.37,8627,478,44,331.27
2024-11-23,Google Ads,Google_Brand,130.59,11378,882,69,564.9
2024-11-23,Google Ads,Google_Generic,252.64,30169,795,17,633.46
2024-11-23,Google Ads,Google_Retargeting,97.72,5955,390,20,257.78
2024-11-23,Facebook Ads,FB_Interest,342.16,21109,777,22,671.94
2024-11-23,Facebook Ads,FB_Lookalike,354.03,39362,1337,44,597.58
2024-11-23,Facebook Ads,FB_Retargeting,167.96,13841,566,23,363.01
2024-11-23,Naver Ads,Naver_Brand,126.45,11792,781,46,404.29
2024-11-23,Naver Ads,Naver_Shopping,221.53,23892,901,33,702.26
2024-11-23,Naver Ads,Naver_Retargeting,64.35,7056,400,25,164.89
2024-11-24,Google Ads,Google_Brand,129.61,11131,734,42,356.59
2024-11-24,Google Ads,Google_Generic,322.97,28019,735,20,644.82
2024-11-24,Google Ads,Google_Retargeting,90.93,7493,486,30,319.01
2024-11-24,Facebook Ads,FB_Interest,330.62,24669,617,16,623.55
2024-11-24,Facebook Ads,FB_Lookalike,360.14,22697,398,9,639.41
2024-11-24,Facebook Ads,FB_Retargeting,210.74,11959,566,34,465.84
2024-11-24,Naver Ads,Naver_Brand,99.65,6552,476,24,377.58
2024-11-24,Naver Ads,Naver_Shopping,375.63,31083,960,43,830.91
2024-11-24,Naver Ads,Naver_Retargeting,72.86,6804,381,19,271.9
2024-11-25,Google Ads,Google_Brand,183.96,15956,1318,95,576.63
2024-11-25,Google Ads,Google_Generic,344.76,28176,896,22,800.93
2024-11-25,Google Ads,Google_Retargeting,107.95,11865,679,26,277.58
2024-11-25,Facebook Ads,FB_Interest,232.5,20132,691,15,365.39
2024-11-25,Facebook Ads,FB_Lookalike,248.8,19366,609,22,483.62
2024-11-25,Facebook Ads,FB_Retargeting,69.61,3894,212,7,224.64
2024-11-25,Naver Ads,Naver_Brand,120.95,7555,638,41,510.97
2024-11-25,Naver Ads,Naver_Shopping,403.14,24384,978,40,965.79
2024-11-25,Naver Ads,Naver_Retargeting,112.06,10192,833,45,389.43
2024-11-26,Google Ads,Google_Brand,139.98,13749,1141,54,430.06
2024-11-26,Google Ads,Google_Generic,251.66,22336,796,16,583.42
2024-11-26,Google Ads,Google_Retargeting,80.41,6884,459,21,218.07
2024-11-26,Facebook Ads,FB_Interest,142.51,17725,741,18,285.17
2024-11-26,Facebook Ads,FB_Lookalike,177.08,11928,449,16,391.09
2024-11-26,Facebook Ads,FB_Retargeting,62.58,5420,277,10,178.86
2024-11-26,Naver Ads,Naver_Brand,138.59,10922,639,33,533.79
2024-11-26,Naver Ads,Naver_Shopping,231.17,26336,979,38,628.77
2024-11-26,Naver Ads,Naver_Retargeting,83.71,7973,513,32,219.03
2024-11-27,Google Ads,Google_Brand,141.91,14380,1284,82,610.0
2024-11-27,Google Ads,Google_Generic,229.5,25666,738,19,421.26
2024-11-27,Google Ads,Google_Retargeting,111.87,11223,566,33,317.24
2024-11-27,Facebook Ads,FB_Interest,158.21,12574,435,8,318.11
2024-11-27,Facebook Ads,FB_Lookalike,124.7,12534,445,19,217.75
2024-11-27,Facebook Ads,FB_Retargeting,98.31,7323,518,28,237.79
2024-11-27,Naver Ads,Naver_Brand,138.55,13269,941,51,738.75
2024-11-27,Naver Ads,Naver_Shopping,359.54,46859,1993,99,716.43
2024-11-27,Naver Ads,Naver_Retargeting,88.0,4657,263,14,389.64
2024-11-28,Google Ads,Google_Brand,236.7,20344,1172,83,1650.73
2024-11-28,Google Ads,Google_Generic,462.91,34511,818,16,2210.26
2024-11-28,Google Ads,Google_Retargeting,98.85,4699,258,8,636.19
2024-11-28,Facebook Ads,FB_Interest,242.78,17611,577,17,906.53
2024-11-28,Facebook Ads,FB_Lookalike,249.49,22113,640,21,1022.01
2024-11-28,Facebook Ads,FB_Retargeting,134.78,10827,610,23,641.81
2024-11-28,Naver Ads,Naver_Brand,199.5,16090,1089,67,996.85
2024-11-28,Naver Ads,Naver_Shopping,509.79,38727,1827,46,2340.63
2024-11-28,Naver Ads,Naver_Retargeting,111.7,9290,708,52,726.11
2024-11-29,Google Ads,Google_Brand,184.53,20658,1570,90,1153.3
2024-11-29,Google Ads,Google_Generic,297.73,26848,848,18,1579.28
2024-11-29,Google Ads,Google_Retargeting,183.06,17325,1293,52,1281.67
2024-11-29,Facebook Ads,FB_Interest,257.37,30410,1080,39,861.69
2024-11-29,Facebook Ads,FB_Lookalike,343.41,31516,1154,40,1550.96
2024-11-29,Facebook Ads,FB_Retargeting,81.53,6904,366,16,499.81
2024-11-29,Naver Ads,Naver_Brand,153.59,16581,1262,86,1287.89
2024-11-29,Naver Ads,Naver_Shopping,357.14,26372,1066,35,2300.72
2024-11-29,Naver Ads,Naver_Retargeting,144.7,13824,975,62,669.29
2024-11-30,Google Ads,Google_Brand,114.33,12009,1176,62,699.41
2024-11-30,Google Ads,Google_Generic,284.48,39462,1477,31,1136.78
2024-11-30,Google Ads,Google_Retargeting,109.04,7204,393,18,653.97
2024-11-30,Facebook Ads,FB_Interest,278.01,26086,848,24,948.36
2024-11-30,Facebook Ads,FB_Lookalike,253.56,20183,522,19,857.32
2024-11-30,Facebook Ads,FB_Retargeting,220.96,16986,636,29,920.6
2024-11-30,Naver Ads,Naver_Brand,121.36,13396,1027,64,680.57
2024-11-30,Naver Ads,Naver_Shopping,228.84,10571,399,11,967.92
2024-11-30,Naver Ads,Naver_Retargeting,56.04,4729,335,22,382.15
2024-12-01,Google Ads,Google_Brand,206.07,17973,1060,66,1409.55
2024-12-01,Google Ads,Google_Generic,418.38,30860,998,21,1891.03
2024-12-01,Google Ads,Google_Retargeting,132.95,8196,436,16,707.47
2024-12-01,Facebook Ads,FB_Interest,531.08,44364,1447,60,1788.12
2024-12-01,Facebook Ads,FB_Lookalike,478.19,38914,1544,74,2221.57
2024-12-01,Facebook Ads,FB_Retargeting,244.79,23569,1040,76,801.19
2024-12-01,Naver Ads,Naver_Brand,134.88,10783,804,68,1128.13
2024-12-01,Naver Ads,Naver_Shopping,389.89,33420,1469,51,2263.02
2024-12-01,Naver Ads,Naver_Retargeting,98.21,12479,866,72,549.08
2024-12-02,Google Ads,Google_Brand,273.28,25296,1501,140,998.36
2024-12-02,Google Ads,Google_Generic,347.11,31653,1057,36,825.21
2024-12-02,Google Ads,Google_Retargeting,144.38,9125,523,16,397.66
2024-12-02,Facebook Ads,FB_Interest,236.67,18322,813,20,427.33
2024-12-02,Facebook Ads,FB_Lookalike,321.18,18487,804,45,547.31
2024-12-02,Facebook Ads,FB_Retargeting,128.33,11893,757,39,354.4
2024-12-02,Naver Ads,Naver_Brand,186.19,16890,1519,130,710.37
2024-12-02,Naver Ads,Naver_Shopping,411.37,33728,1379,46,972.65
2024-12-02,Naver Ads,Naver_Retargeting,141.13,13612,1039,53,320.68
2024-12-03,Google Ads,Google_Brand,234.59,26963,2366,155,668.7
2024-12-03,Google Ads,Google_Generic,483.38,59496,1437,33,996.12
2024-12-03,Google Ads,Google_Retargeting,128.75,9312,605,27,373.82
2024-12-03,Facebook Ads,FB_Interest,122.11,11016,300,9,210.47
2024-12-03,Facebook Ads,FB_Lookalike,234.82,31670,694,35,493.45
2024-12-03,Facebook Ads,FB_Retargeting,97.59,7856,510,34,214.97
2024-12-03,Naver Ads,Naver_Brand,157.83,13031,771,77,702.94
2024-12-03,Naver Ads,Naver_Shopping,442.8,40176,1786,94,1080.12
2024-12-03,Naver Ads,Naver_Retargeting,74.6,5792,399,27,222.62
2024-12-04,Google Ads,Google_Brand,252.21,37481,3529,352,899.66
2024-12-04,Google Ads,Google_Generic,307.31,22358,611,13,757.99
2024-12-04,Google Ads,Google_Retargeting,162.43,9260,584,40,399.57
2024-12-04,Facebook Ads,FB_Interest,273.68,18325,614,23,597.26
2024-12-04,Facebook Ads,FB_Lookalike,306.63,36542,1207,48,663.42
2024-12-04,Facebook Ads,FB_Retargeting,155.03,13284,909,47,462.29
2024-12-04,Naver Ads,Naver_Brand,195.31,19689,1423,94,718.43
2024-12-04,Naver Ads,Naver_Shopping,428.38,51269,1395,62,961.84
2024-12-04,Naver Ads,Naver_Retargeting,88.2,7987,502,41,376.5
2024-12-05,Google Ads,Google_Brand,160.35,13541,1112,82,566.58
2024-12-05,Google Ads,Google_Generic,406.63,28520,625,22,748.61
2024-12-05,Google Ads,Google_Retargeting,127.72,12611,674,53,435.6
2024-12-05,Facebook Ads,FB_Interest,224.66,24220,851,37,404.84
2024-12-05,Facebook Ads,FB_Lookalike,226.72,12803,394,16,448.29
2024-12-05,Facebook Ads,FB_Retargeting,180.31,17551,1139,66,421.9
2024-12-05,Naver Ads,Naver_Brand,143.73,12264,931,79,551.48
2024-12-05,Naver Ads,Naver_Shopping,437.33,25234,1037,46,1385.2
2024-12-05,Naver Ads,Naver_Retargeting,113.01,7087,432,41,329.12
2024-12-06,Google Ads,Google_Brand,184.26,14841,1145,91,598.07
2024-12-06,Google Ads,Google_Generic,294.04,37065,1181,21,750.13
2024-12-06,Google Ads,Google_Retargeting,145.0,12269,873,53,317.99
2024-12-06,Facebook Ads,FB_Interest,291.51,25228,975,37,401.57
2024-12-06,Facebook Ads,FB_Lookalike,200.47,24653,1044,48,308.06
2024-12-06,Facebook Ads,FB_Retargeting,133.05,10364,501,25,307.24
2024-12-06,Naver Ads,Naver_Brand,156.32,15886,1159,48,387.04
2024-12-06,Naver Ads,Naver_Shopping,375.96,27159,895,49,1295.03
2024-12-06,Naver Ads,Naver_Retargeting,118.83,9065,775,59,363.87
2024-12-07,Google Ads,Google_Brand,168.1,19467,1538,107,486.43
2024-12-07,Google Ads,Google_Generic,247.37,14017,440,12,516.97
2024-12-07,Google Ads,Google_Retargeting,76.77,7354,532,27,140.38
2024-12-07,Facebook Ads,FB_Interest,279.08,26762,926,35,412.7
2024-12-07,Facebook Ads,FB_Lookalike,461.32,41221,1396,63,777.14
2024-12-07,Facebook Ads,FB_Retargeting,198.95,21645,1030,42,497.18
2024-12-07,Naver Ads,Naver_Brand,100.75,6853,380,33,399.31
2024-12-07,Naver Ads,Naver_Shopping,277.96,25162,922,50,918.51
2024-12-07,Naver Ads,Naver_Retargeting,76.28,5062,349,30,178.21
2024-12-08,Google Ads,Google_Brand,159.31,7455,632,36,469.62
2024-12-08,Google Ads,Google_Generic,273.08,27880,689,18,787.14
2024-12-08,Google Ads,Google_Retargeting,61.15,4395,217,12,254.17
2024-12-08,Facebook Ads,FB_Interest,219.65,19808,590,20,380.52
2024-12-08,Facebook Ads,FB_Lookalike,401.91,48014,1835,103,824.33
2024-12-08,Facebook Ads,FB_Retargeting,210.91,14895,814,40,371.82
2024-12-08,Naver Ads,Naver_Brand,116.09,15082,1055,83,533.61
2024-12-08,Naver Ads,Naver_Shopping,207.31,27332,1113,45,467.34
2024-12-08,Naver Ads,Naver_Retargeting,75.75,5809,410,14,263.6
2024-12-09,Google Ads,Google_Brand,210.69,26535,2464,179,796.79
2024-12-09,Google Ads,Google_Generic,392.39,34279,1050,34,758.62
2024-12-09,Google Ads,Google_Retargeting,117.1,11249,566,44,411.7
2024-12-09,Facebook Ads,FB_Interest,301.28,29992,788,27,455.81
2024-12-09,Facebook Ads,FB_Lookalike,187.04,15421,588,35,291.06
2024-12-09,Facebook Ads,FB_Retargeting,163.5,12807,773,39,374.42
2024-12-09,Naver Ads,Naver_Brand,189.85,24783,1734,167,626.21
2024-12-09,Naver Ads,Naver_Shopping,342.96,35631,1544,66,1072.33
2024-12-09,Naver Ads,Naver_Retargeting,99.83,6587,409,35,383.55
2024-12-10,Google Ads,Google_Brand,151.71,13711,983,44,632.68
2024-12-10,Google Ads,Google_Generic,482.18,40819,1108,34,896.09
2024-12-10,Google Ads,Google_Retargeting,132.84,10913,506,21,380.92
2024-12-10,Facebook Ads,FB_Interest,186.42,19203,540,19,346.27
2024-12-10,Facebook Ads,FB_Lookalike,315.49,21368,684,31,640.02
2024-12-10,Facebook Ads,FB_Retargeting,134.65,10546,398,22,440.72
2024-12-10,Naver Ads,Naver_Brand,162.01,10858,745,66,732.02
2024-12-10,Naver Ads,Naver_Shopping,470.53,33799,1420,71,1382.24
2024-12-10,Naver Ads,Naver_Retargeting,89.78,6988,440,41,292.64
2024-12-11,Google Ads,Google_Brand,253.68,28233,2675,209,718.02
2024-12-11,Google Ads,Google_Generic,627.72,57692,1829,54,1132.7
2024-12-11,Google Ads,Google_Retargeting,148.57,12275,853,56,400.84
2024-12-11,Facebook Ads,FB_Interest,193.75,18562,632,22,276.28
2024-12-11,Facebook Ads,FB_Lookalike,316.85,31977,1170,43,736.07
2024-12-11,Facebook Ads,FB_Retargeting,142.4,13517,590,24,205.35
2024-12-11,Naver Ads,Naver_Brand,208.01,20407,1923,155,756.35
2024-12-11,Naver Ads,Naver_Shopping,489.69,54077,2617,101,1361.87
2024-12-11,Naver Ads,Naver_Retargeting,105.36,7191,305,24,310.15
2024-12-12,Google Ads,Google_Brand,125.33,10475,837,58,423.63
2024-12-12,Google Ads,Google_Generic,472.47,53852,1288,30,1049.22
2024-12-12,Google Ads,Google_Retargeting,149.13,13813,832,36,344.0
2024-12-12,Facebook Ads,FB_Interest,153.98,11591,408,17,258.52
2024-12-12,Facebook Ads,FB_Lookalike,236.19,14171,580,24,457.33
2024-12-12,Facebook Ads,FB_Retargeting,171.18,11914,654,30,456.47
2024-12-12,Naver Ads,Naver_Brand,183.38,13123,958,71,542.62
2024-12-12,Naver Ads,Naver_Shopping,367.05,29942,1108,39,875.09
2024-12-12,Naver Ads,Naver_Retargeting,75.54,7307,540,35,263.75
2024-12-13,Google Ads,Google_Brand,249.3,23742,1806,100,668.21
2024-12-13,Google Ads,Google_Generic,460.54,48559,1262,37,1021.24
2024-12-13,Google Ads,Google_Retargeting,127.33,11537,649,38,355.31
2024-12-13,Facebook Ads,FB_Interest,220.21,15807,478,13,340.79
2024-12-13,Facebook Ads,FB_Lookalike,194.43,15439,553,19,418.81
2024-12-13,Facebook Ads,FB_Retargeting,132.83,7473,459,32,335.12
2024-12-13,Naver Ads,Naver_Brand,133.83,13181,674,52,516.93
2024-12-13,Naver Ads,Naver_Shopping,377.77,22145,939,35,1211.91
2024-12-13,Naver Ads,Naver_Retargeting,104.0,8589,599,52,375.47
2024-12-14,Google Ads,Google_Brand,140.99,12951,818,72,515.48
2024-12-14,Google Ads,Google_Generic,230.14,14846,424,10,452.41
2024-12-14,Google Ads,Google_Retargeting,117.14,8016,409,29,318.17
2024-12-14,Facebook Ads,FB_Interest,338.8,28135,1009,44,471.29
2024-12-14,Facebook Ads,FB_Lookalike,354.68,28384,903,27,619.8
2024-12-14,Facebook Ads,FB_Retargeting,173.97,12091,643,33,366.97
2024-12-14,Naver Ads,Naver_Brand,117.25,9901,853,106,435.91
2024-12-14,Naver Ads,Naver_Shopping,235.08,14159,440,15,775.9
2024-12-14,Naver Ads,Naver_Retargeting,87.43,10779,675,31,335.68
2024-12-15,Google Ads,Google_Brand,122.77,6623,459,31,464.27
2024-12-15,Google Ads,Google_Generic,165.21,11275,415,12,333.96
2024-12-15,Google Ads,Google_Retargeting,119.16,10287,709,51,385.44
2024-12-15,Facebook Ads,FB_Interest,333.23,32364,1058,33,510.83
2024-12-15,Facebook Ads,FB_Lookalike,532.44,46600,1286,60,850.72
2024-12-15,Facebook Ads,FB_Retargeting,132.01,13488,728,54,282.22
2024-12-15,Naver Ads,Naver_Brand,53.29,4560,329,25,161.62
2024-12-15,Naver Ads,Naver_Shopping,244.24,29273,1303,42,702.49
2024-12-15,Naver Ads,Naver_Retargeting,91.55,10904,871,72,349.91
2024-12-16,Google Ads,Google_Brand,214.82,21636,1582,116,821.31
2024-12-16,Google Ads,Google_Generic,377.88,28799,554,14,913.61
2024-12-16,Google Ads,Google_Retargeting,156.73,17770,872,46,461.28
2024-12-16,Facebook Ads,FB_Interest,302.93,22641,683,23,494.86
2024-12-16,Facebook Ads,FB_Lookalike,338.72,27335,1041,43,680.31
2024-12-16,Facebook Ads,FB_Retargeting,137.42,10894,631,37,241.26
2024-12-16,Naver Ads,Naver_Brand,248.62,31332,2672,158,906.88
2024-12-16,Naver Ads,Naver_Shopping,423.73,37276,1256,67,1391.91
2024-12-16,Naver Ads,Naver_Retargeting,192.61,16114,825,59,549.0
2024-12-17,Google Ads,Google_Brand,234.37,33562,2372,111,714.47
2024-12-17,Google Ads,Google_Generic,257.44,19314,579,19,666.89
2024-12-17,Google Ads,Google_Retargeting,117.5,10681,610,45,362.78
2024-12-17,Facebook Ads,FB_Interest,183.7,12359,556,21,325.7
2024-12-17,Facebook Ads,FB_Lookalike,188.98,16167,619,26,298.28
2024-12-17,Facebook Ads,FB_Retargeting,106.98,13268,858,46,246.56
2024-12-17,Naver Ads,Naver_Brand,121.48,18492,1018,54,542.03
2024-12-17,Naver Ads,Naver_Shopping,358.23,32604,1346,53,1008.0
2024-12-17,Naver Ads,Naver_Retargeting,142.49,12182,623,34,263.52
2024-12-18,Google Ads,Google_Brand,178.79,19490,1763,124,694.47
2024-12-18,Google Ads,Google_Generic,614.72,70115,1972,63,1736.49
2024-12-18,Google Ads,Google_Retargeting,139.24,11930,741,37,405.38
2024-12-18,Facebook Ads,FB_Interest,254.19,33637,1187,10,106.49
2024-12-18,Facebook Ads,FB_Lookalike,319.97,26745,880,6,171.95
2024-12-18,Facebook Ads,FB_Retargeting,163.67,17305,851,6,95.62
2024-12-18,Naver Ads,Naver_Brand,162.19,15986,922,77,593.71
2024-12-18,Naver Ads,Naver_Shopping,385.46,34602,987,53,995.24
2024-12-18,Naver Ads,Naver_Retargeting,139.13,13107,828,60,460.89
2024-12-19,Google Ads,Google_Brand,231.69,21675,1791,159,643.44
2024-12-19,Google Ads,Google_Generic,478.62,33769,988,24,839.31
2024-12-19,Google Ads,Google_Retargeting,111.5,8707,591,33,341.13
2024-12-19,Facebook Ads,FB_Interest,210.01,17335,513,2,85.54
2024-12-19,Facebook Ads,FB_Lookalike,358.04,34922,1153,9,121.71
2024-12-19,Facebook Ads,FB_Retargeting,121.71,9863,552,5,95.08
2024-12-19,Naver Ads,Naver_Brand,214.21,17860,1560,126,788.6
2024-12-19,Naver Ads,Naver_Shopping,505.69,70491,2884,122,1313.61
2024-12-19,Naver Ads,Naver_Retargeting,54.43,4069,329,25,199.4
2024-12-20,Google Ads,Google_Brand,149.24,9542,675,47,350.08
2024-12-20,Google Ads,Google_Generic,541.88,40731,1134,28,1108.85
2024-12-20,Google Ads,Google_Retargeting,143.28,15098,1061,59,349.64
2024-12-20,Facebook Ads,FB_Interest,196.67,24703,725,17,345.47
2024-12-20,Facebook Ads,FB_Lookalike,252.53,15312,429,18,496.82
2024-12-20,Facebook Ads,FB_Retargeting,160.4,12782,649,30,350.56
2024-12-20,Naver Ads,Naver_Brand,161.81,14971,842,100,604.62
2024-12-20,Naver Ads,Naver_Shopping,495.75,30109,1114,58,978.28
2024-12-20,Naver Ads,Naver_Retargeting,47.54,5104,249,19,149.51
2024-12-21,Google Ads,Google_Brand,102.5,6927,502,39,205.14
2024-12-21,Google Ads,Google_Generic,247.74,24888,728,22,614.27
2024-12-21,Google Ads,Google_Retargeting,102.58,12822,833,65,284.41
2024-12-21,Facebook Ads,FB_Interest,331.64,22146,598,19,763.9
2024-12-21,Facebook Ads,FB_Lookalike,386.13,49289,1833,83,725.92
2024-12-21,Facebook Ads,FB_Retargeting,128.15,11115,574,25,276.75
2024-12-21,Naver Ads,Naver_Brand,69.28,6039,417,22,314.21
2024-12-21,Naver Ads,Naver_Shopping,230.74,26130,775,33,364.6
2024-12-21,Naver Ads,Naver_Retargeting,83.58,6389,428,31,243.05
2024-12-22,Google Ads,Google_Brand,156.86,13538,960,65,360.37
2024-12-22,Google Ads,Google_Generic,245.63,19049,546,15,580.38
2024-12-22,Google Ads,Google_Retargeting,105.71,6274,429,20,240.29
2024-12-22,Facebook Ads,FB_Interest,235.95,17503,563,17,354.34
2024-12-22,Facebook Ads,FB_Lookalike,384.92,36149,1320,57,807.53
2024-12-22,Facebook Ads,FB_Retargeting,145.71,10151,575,30,363.84
2024-12-22,Naver Ads,Naver_Brand,146.31,16560,1135,121,530.63
2024-12-22,Naver Ads,Naver_Shopping,244.35,19063,587,19,697.13
2024-12-22,Naver Ads,Naver_Retargeting,60.17,5734,464,28,192.11
2024-12-23,Google Ads,Google_Brand,162.37,13979,1241,85,522.48
2024-12-23,Google Ads,Google_Generic,435.7,25619,780,22,1097.62
2024-12-23,Google Ads,Google_Retargeting,113.86,11381,648,37,329.67
2024-12-23,Facebook Ads,FB_Interest,280.32,18265,679,21,446.7
2024-12-23,Facebook Ads,FB_Lookalike,180.93,14953,432,21,372.69
2024-12-23,Facebook Ads,FB_Retargeting,147.98,11397,607,22,404.99
2024-12-23,Naver Ads,Naver_Brand,115.23,9995,807,60,462.79
2024-12-23,Naver Ads,Naver_Shopping,416.62,33182,1330,41,910.39
2024-12-23,Naver Ads,Naver_Retargeting,99.86,9308,669,50,321.82
2024-12-24,Google Ads,Google_Brand,242.06,29760,2750,216,1010.9
2024-12-24,Google Ads,Google_Generic,517.96,43296,1305,32,1088.5
2024-12-24,Google Ads,Google_Retargeting,94.02,7434,473,23,260.9
2024-12-24,Facebook Ads,FB_Interest,245.68,20132,855,32,379.02
2024-12-24,Facebook Ads,FB_Lookalike,291.21,24015,789,29,618.57
2024-12-24,Facebook Ads,FB_Retargeting,131.47,11374,702,43,298.33
2024-12-24,Naver Ads,Naver_Brand,211.04,17008,1247,104,867.37
2024-12-24,Naver Ads,Naver_Shopping,464.74,33190,1541,54,1272.6
2024-12-24,Naver Ads,Naver_Retargeting,117.45,15626,1180,77,366.94
2024-12-25,Google Ads,Google_Brand,297.19,30939,1547,116,1029.59
2024-12-25,Google Ads,Google_Generic,456.71,41343,1227,37,634.53
2024-12-25,Google Ads,Google_Retargeting,134.96,12153,832,39,321.62
2024-12-25,Facebook Ads,FB_Interest,242.28,26300,981,37,415.89
2024-12-25,Facebook Ads,FB_Lookalike,337.77,30936,991,38,713.84
2024-12-25,Facebook Ads,FB_Retargeting,167.73,11474,660,26,386.55
2024-12-25,Naver Ads,Naver_Brand,223.84,19260,1368,130,1002.62
2024-12-25,Naver Ads,Naver_Shopping,380.8,38544,1570,59,1033.88
2024-12-25,Naver Ads,Naver_Retargeting,106.43,6671,346,17,392.67
2024-12-26,Google Ads,Google_Brand,188.45,17455,1174,95,554.58
2024-12-26,Google Ads,Google_Generic,283.62,35082,1118,33,660.22
2024-12-26,Google Ads,Google_Retargeting,108.06,10116,671,46,351.12
2024-12-26,Facebook Ads,FB_Interest,173.17,14414,540,14,325.07
2024-12-26,Facebook Ads,FB_Lookalike,165.02,18240,721,31,307.23
2024-12-26,Facebook Ads,FB_Retargeting,88.2,7326,403,25,188.84
2024-12-26,Naver Ads,Naver_Brand,112.12,8287,707,68,414.32
2024-12-26,Naver Ads,Naver_Shopping,186.28,15209,484,14,553.89
2024-12-26,Naver Ads,Naver_Retargeting,81.1,5942,403,24,281.19
2024-12-27,Google Ads,Google_Brand,167.55,9827,910,58,495.89
2024-12-27,Google Ads,Google_Generic,294.38,19318,480,15,778.45
2024-12-27,Google Ads,Google_Retargeting,76.08,7385,519,21,254.4
2024-12-27,Facebook Ads,FB_Interest,157.56,10335,394,15,330.01
2024-12-27,Facebook Ads,FB_Lookalike,246.84,18091,572,26,471.22
2024-12-27,Facebook Ads,FB_Retargeting,91.37,8036,327,11,265.06
2024-12-27,Naver Ads,Naver_Brand,107.7,7728,588,50,427.08
2024-12-27,Naver Ads,Naver_Shopping,321.69,25157,861,44,1074.25
2024-12-27,Naver Ads,Naver_Retargeting,60.71,6294,449,25,267.28
2024-12-28,Google Ads,Google_Brand,87.35,11042,850,67,274.24
2024-12-28,Google Ads,Google_Generic,176.95,16438,494,12,371.81
2024-12-28,Google Ads,Google_Retargeting,82.43,7198,415,20,248.33
2024-12-28,Facebook Ads,FB_Interest,226.34,19330,699,26,340.92
2024-12-28,Facebook Ads,FB_Lookalike,276.82,21787,965,38,482.36
2024-12-28,Facebook Ads,FB_Retargeting,147.59,12986,735,47,241.3
2024-12-28,Naver Ads,Naver_Brand,79.69,5921,499,40,363.06
2024-12-28,Naver Ads,Naver_Shopping,194.76,21419,1025,35,524.58
2024-12-28,Naver Ads,Naver_Retargeting,49.54,5532,312,27,140.79
2024-12-29,Google Ads,Google_Brand,107.16,8540,630,46,357.64
2024-12-29,Google Ads,Google_Generic,262.26,21480,804,20,721.29
2024-12-29,Google Ads,Google_Retargeting,65.27,7066,504,25,174.27
2024-12-29,Facebook Ads,FB_Interest,270.97,26105,913,30,424.68
2024-12-29,Facebook Ads,FB_Lookalike,386.06,35943,1027,26,416.91
2024-12-29,Facebook Ads,FB_Retargeting,155.06,11572,803,43,360.22
2024-12-29,Naver Ads,Naver_Brand,122.23,10540,712,59,533.39
2024-12-29,Naver Ads,Naver_Shopping,188.39,16302,546,24,464.23
2024-12-29,Naver Ads,Naver_Retargeting,50.7,4830,300,19,164.9
